first	name	gender	probability	count
ABDALLAH	ABDALLAH	male	0.97	5956
ABDELHAK	NA	NA	NA	NA
ABDELHAMID	NA	NA	NA	NA
ABDELKADER	NA	NA	NA	NA
ABDELKRIM	NA	NA	NA	NA
ABDELLAH	NA	NA	NA	NA
ABDELLATIF	NA	NA	NA	NA
ABDELMADJID	ABDELMADJID	male	1	217
ABDELMALEK	ABDELMALEK	male	0.98	661
ABDELRAHMANE	NA	NA	NA	NA
ABDERRAHIM	NA	NA	NA	NA
ABDUL	NA	NA	NA	NA
ABDULLAH	ABDULLAH	male	0.97	40449
ABDULRAHMAN	NA	NA	NA	NA
ABDUS	NA	NA	NA	NA
ABIR	ABIR	female	0.92	2444
ABIRAMI	ABIRAMI	female	1	39
ACHRAF	NA	NA	NA	NA
ADAM	ADAM	male	0.98	116396
ADELINE	ADELINE	female	0.98	19402
ADITI	ADITI	female	0.97	341
ADITYA	NA	NA	NA	NA
ADOLFO	NA	NA	NA	NA
ADRIAAN	ADRIAAN	male	0.98	998
ADRIAN	ADRIAN	male	0.99	90344
ADRIANA	NA	NA	NA	NA
ADRIEN	NA	NA	NA	NA
AFRODITI	AFRODITI	female	0.99	581
AFSANEH	AFSANEH	female	0.98	340
AGBOSSOU	NA	NA	NA	NA
AGGELIKI	AGGELIKI	female	0.98	1252
AGILIO	NA	NA	NA	NA
AGNES	NA	NA	NA	NA
AGNIESZKA	NA	NA	NA	NA
AHMAD	NA	NA	NA	NA
AHMED	AHMED	male	0.98	139051
AIDA	AIDA	female	0.98	14496
AIGARS	NA	NA	NA	NA
AINARA	AINARA	female	0.99	2827
AINHOA	AINHOA	female	0.99	6344
AIQIN	NA	NA	NA	NA
AISSA	NA	NA	NA	NA
AITZIBER	AITZIBER	female	0.99	501
AJAY	AJAY	male	0.99	4648
AKILA	NA	NA	NA	NA
AKIYOSHI	NA	NA	NA	NA
AKSHAY	AKSHAY	male	1	1785
ALAIN	NA	NA	NA	NA
ALBERTO	NA	NA	NA	NA
ALDA	ALDA	female	0.86	2339
ALEJANDRO	NA	NA	NA	NA
ALEKSANDRA	ALEKSANDRA	female	0.98	49679
ALEKSEY	NA	NA	NA	NA
ALESSA	ALESSA	female	0.89	739
ALESSANDRA	NA	NA	NA	NA
ALESSANDRO	NA	NA	NA	NA
ALESSIA	ALESSIA	female	0.99	49976
ALEX	NA	NA	NA	NA
ALEXANDER	NA	NA	NA	NA
ALEXANDRA	ALEXANDRA	female	0.98	122985
ALEXANDRE	NA	NA	NA	NA
ALEXANDRU	NA	NA	NA	NA
ALEXEY	ALEXEY	male	1	7556
ALEXIS	NA	NA	NA	NA
ALFONSO	NA	NA	NA	NA
ALFRED	ALFRED	male	0.98	13747
ALFREDO	NA	NA	NA	NA
ALI	ALI	male	0.95	319583
ALICE	NA	NA	NA	NA
ALINA	NA	NA	NA	NA
ALINE	ALINE	female	0.97	22311
ALIREZA	NA	NA	NA	NA
ALISTAIR	NA	NA	NA	NA
ALOIA	ALOIA	female	0.81	21
ALVARO	NA	NA	NA	NA
ALVISE	NA	NA	NA	NA
AMADEO	AMADEO	male	0.99	803
AMANDA	AMANDA	female	0.98	49026
AMANDINE	NA	NA	NA	NA
AMEL	AMEL	female	0.92	14130
AMELIA	AMELIA	female	0.98	9165
AMINA	NA	NA	NA	NA
AMINE	NA	NA	NA	NA
AMINOU	NA	NA	NA	NA
AMIR	AMIR	male	0.98	31516
AMMAR	AMMAR	male	0.97	6181
AMPARO	AMPARO	female	0.98	9043
AMRITA	NA	NA	NA	NA
AN	NA	NA	NA	NA
ANA	NA	NA	NA	NA
ANAIS	ANAIS	female	0.98	5120
ANAMARIA	ANAMARIA	female	0.98	3355
ANAND	ANAND	male	0.99	2738
ANAS	ANAS	male	0.73	17812
ANDERS	NA	NA	NA	NA
ANDRADA	ANDRADA	female	0.97	1443
ANDRE	NA	NA	NA	NA
ANDREA	ANDREA	male	0.62	302977
ANDREAS	ANDREAS	male	0.99	71365
ANDREEA	ANDREEA	female	0.97	23228
ANDREI	ANDREI	male	0.97	21506
ANDREIA	ANDREIA	female	0.98	15671
ANDRES	ANDRES	male	0.98	46013
ANDREW	NA	NA	NA	NA
ANDRI	ANDRI	male	0.78	2861
ANDRIANARIVO	ANDRIANARIVO	male	0.63	8
ANDRZEJ	NA	NA	NA	NA
ANE	NA	NA	NA	NA
ANGEL	ANGEL	male	0.68	105060
ANGELA	NA	NA	NA	NA
ANGELIKA	ANGELIKA	female	0.98	26127
ANGELIKI	NA	NA	NA	NA
ANGELINE	NA	NA	NA	NA
ANGELIQUE	ANGELIQUE	female	0.98	23018
ANGELITA	ANGELITA	female	0.99	1663
ANGELO	NA	NA	NA	NA
ANGELOS	ANGELOS	male	0.98	978
ANH	NA	NA	NA	NA
ANISSA	NA	NA	NA	NA
ANITA	ANITA	female	0.98	66163
ANITHA	NA	NA	NA	NA
ANJA	NA	NA	NA	NA
ANKE	ANKE	female	0.97	6368
ANKER	NA	NA	NA	NA
ANKUR	NA	NA	NA	NA
ANNA	ANNA	female	0.98	383713
ANNABELLE	ANNABELLE	female	0.98	6109
ANNE	NA	NA	NA	NA
ANNELIE	NA	NA	NA	NA
ANNELIES	NA	NA	NA	NA
ANNICK	NA	NA	NA	NA
ANNIE	NA	NA	NA	NA
ANOUAR	ANOUAR	male	0.98	5453
ANTERO	ANTERO	male	1	667
ANTHONY	NA	NA	NA	NA
ANTJE	ANTJE	female	0.97	4746
ANTOINE	ANTOINE	male	0.99	38236
ANTON	ANTON	male	0.97	25344
ANTONI	NA	NA	NA	NA
ANTONINO	ANTONINO	male	0.99	11984
ANTONIO	NA	NA	NA	NA
ANTONY	NA	NA	NA	NA
ANTTI	NA	NA	NA	NA
ANUSHREE	ANUSHREE	female	0.96	49
ARATZ	NA	NA	NA	NA
ARIANE	ARIANE	female	0.97	5286
ARITOMO	NA	NA	NA	NA
ARJAN	ARJAN	male	0.99	3545
ARMANDO	ARMANDO	male	0.99	21130
ARMIN	NA	NA	NA	NA
ARNAUD	ARNAUD	male	0.99	39701
ARNE	ARNE	male	0.98	4411
ARNO	NA	NA	NA	NA
ARON	ARON	male	0.96	3807
ARTUR	NA	NA	NA	NA
ARTURO	ARTURO	male	0.99	15987
ARUMUGAM	ARUMUGAM	male	0.93	113
ASHOK	NA	NA	NA	NA
ASHRAF	NA	NA	NA	NA
ASHWIN	NA	NA	NA	NA
ASIER	NA	NA	NA	NA
ASIMINA	ASIMINA	female	0.97	102
ASJA	NA	NA	NA	NA
ASMA	ASMA	female	0.97	9687
ASSEM	ASSEM	male	0.73	746
ASTRID	NA	NA	NA	NA
ASWATHY	ASWATHY	female	0.97	39
ATHANASIOS	ATHANASIOS	male	0.99	753
ATIF	ATIF	male	0.98	2643
ATSUSHI	NA	NA	NA	NA
ATTE	NA	NA	NA	NA
ATTILIO	ATTILIO	male	0.99	3092
AUDE	NA	NA	NA	NA
AUDREY	NA	NA	NA	NA
AUGUST	AUGUST	male	0.88	1401
AUGUSTA	AUGUSTA	female	0.98	2038
AUMBER	NA	NA	NA	NA
AURELIE	NA	NA	NA	NA
AURELIEN	NA	NA	NA	NA
AURIANE	NA	NA	NA	NA
AURORE	NA	NA	NA	NA
AVELINO	AVELINO	male	0.98	1517
AVTAR	AVTAR	male	0.98	180
AYMAN	NA	NA	NA	NA
AYMES	NA	NA	NA	NA
AYODELE	AYODELE	male	0.9	1392
AYOOB	NA	NA	NA	NA
AZAEL	NA	NA	NA	NA
BALA	BALA	male	0.9	1941
BALAJI	NA	NA	NA	NA
BAONING	NA	NA	NA	NA
BAPTISTE	BAPTISTE	male	0.99	9868
BARAA	BARAA	male	0.75	432
BARBARA	BARBARA	female	0.98	94709
BARIS	BARIS	male	0.98	5712
BAS	BAS	male	0.97	6973
BASSEM	NA	NA	NA	NA
BASTIEN	BASTIEN	male	0.99	10413
BEATA	NA	NA	NA	NA
BEATRIZ	NA	NA	NA	NA
BEAU	BEAU	male	0.76	2270
BEGONA	NA	NA	NA	NA
BEKKAR	NA	NA	NA	NA
BELEN	NA	NA	NA	NA
BELINDA	NA	NA	NA	NA
BELSEM	BELSEM	female	0.5	8
BEN	NA	NA	NA	NA
BENDAOU	BENDAOU	male	1	2
BENEDETTA	BENEDETTA	female	0.99	4375
BENEDICTE	BENEDICTE	female	0.98	3069
BENJAMIN	BENJAMIN	male	0.99	62465
BENOIT	NA	NA	NA	NA
BERENGERE	BERENGERE	female	0.98	714
BERNARD	NA	NA	NA	NA
BERNARDO	NA	NA	NA	NA
BERNAY	NA	NA	NA	NA
BERND	BERND	male	0.99	12170
BERNDT	BERNDT	male	0.97	175
BERNHARD	NA	NA	NA	NA
BERT	NA	NA	NA	NA
BETHEL	NA	NA	NA	NA
BETTY	NA	NA	NA	NA
BHANU	BHANU	male	0.89	384
BIANCA	NA	NA	NA	NA
BIEKE	BIEKE	female	0.97	462
BIHANIC	NA	NA	NA	NA
BIN	BIN	male	0.91	3575
BING	BING	male	0.63	1043
BINGBING	BINGBING	female	0.71	93
BINGHUA	NA	NA	NA	NA
BINGYU	NA	NA	NA	NA
BINOD	BINOD	male	1	240
BIRCE	NA	NA	NA	NA
BISWAJIT	NA	NA	NA	NA
BIWEN	NA	NA	NA	NA
BJARNE	BJARNE	male	0.99	1372
BJORN	BJORN	male	0.99	5027
BLAISE	BLAISE	male	0.97	3382
BLANCHE	BLANCHE	female	0.97	2346
BLANDINE	BLANDINE	female	0.98	5768
BLAZ	NA	NA	NA	NA
BLERINA	NA	NA	NA	NA
BO	BO	male	0.79	6996
BOBBY	NA	NA	NA	NA
BODO	NA	NA	NA	NA
BODOUR	BODOUR	female	1	24
BOGDAN	BOGDAN	male	0.98	20665
BOHAN	BOHAN	male	0.94	33
BORIS	NA	NA	NA	NA
BORYS	BORYS	male	0.99	910
BOTAO	BOTAO	male	0.92	12
BOUDDAH	NA	NA	NA	NA
BRANDON	BRANDON	male	0.99	14697
BRAYAN	NA	NA	NA	NA
BRIAN	BRIAN	male	0.99	51483
BRICE	BRICE	male	0.99	11915
BRIEUC	NA	NA	NA	NA
BRIGHT	NA	NA	NA	NA
BRIGITA	BRIGITA	female	0.98	1205
BRIGITTE	NA	NA	NA	NA
BRUCE	BRUCE	male	0.98	10698
BRUNA	NA	NA	NA	NA
BRUNO	NA	NA	NA	NA
BUNTHAN	NA	NA	NA	NA
BURKHARD	NA	NA	NA	NA
BYEONGJO	NA	NA	NA	NA
BYUNG	NA	NA	NA	NA
CALOGERO	NA	NA	NA	NA
CAMELIA	CAMELIA	female	0.98	5528
CAMILA	NA	NA	NA	NA
CAMILLE	NA	NA	NA	NA
CANDACE	CANDACE	female	0.98	422
CAPUCINE	CAPUCINE	female	0.97	1614
CARIN	NA	NA	NA	NA
CARINA	NA	NA	NA	NA
CARINE	NA	NA	NA	NA
CARL	NA	NA	NA	NA
CARLA	CARLA	female	0.98	72540
CARLO	NA	NA	NA	NA
CARLOS	NA	NA	NA	NA
CARMELA	NA	NA	NA	NA
CARMEN	NA	NA	NA	NA
CARMINE	CARMINE	male	0.98	17145
CAROL	NA	NA	NA	NA
CAROLE	CAROLE	female	0.98	31642
CAROLIEN	NA	NA	NA	NA
CAROLINA	CAROLINA	female	0.98	40287
CAROLINE	CAROLINE	female	0.98	64753
CARSTEN	NA	NA	NA	NA
CATARINA	NA	NA	NA	NA
CATHERINE	NA	NA	NA	NA
CECILE	CECILE	female	0.98	14563
CECILIA	CECILIA	female	0.99	21692
CEDRIC	CEDRIC	male	0.99	44343
CELIA	NA	NA	NA	NA
CELINE	CELINE	female	0.99	62291
CESARE	NA	NA	NA	NA
CHAE	CHAE	female	0.52	358
CHAHINAZ	NA	NA	NA	NA
CHAHINEZ	NA	NA	NA	NA
CHAK	NA	NA	NA	NA
CHALACHEW	CHALACHEW	male	0.93	15
CHALINE	NA	NA	NA	NA
CHAN	CHAN	male	0.69	5222
CHANDRAKANT	NA	NA	NA	NA
CHANDRASHEKHAR	NA	NA	NA	NA
CHANGHUI	CHANGHUI	male	0.67	6
CHANGWEI	CHANGWEI	male	0.85	13
CHANGZHI	CHANGZHI	male	0.8	5
CHANTAL	CHANTAL	female	0.98	37652
CHARAFEDDINE	CHARAFEDDINE	male	0.92	24
CHARLES	CHARLES	male	0.99	49331
CHARLIE	CHARLIE	male	0.81	17826
CHARLOTTE	NA	NA	NA	NA
CHAU	NA	NA	NA	NA
CHEN	CHEN	male	0.62	5003
CHENG	NA	NA	NA	NA
CHERIF	CHERIF	male	0.96	4800
CHI	NA	NA	NA	NA
CHIARA	NA	NA	NA	NA
CHIN	NA	NA	NA	NA
CHING	NA	NA	NA	NA
CHLOE	NA	NA	NA	NA
CHONG	CHONG	male	0.71	2092
CHRIS	CHRIS	male	0.9	156083
CHRISTELLE	CHRISTELLE	female	0.98	47991
CHRISTIAN	CHRISTIAN	male	0.99	156233
CHRISTIANE	NA	NA	NA	NA
CHRISTINE	NA	NA	NA	NA
CHRISTOPH	NA	NA	NA	NA
CHRISTOPHE	NA	NA	NA	NA
CHRISTOPHER	CHRISTOPHER	male	0.99	53539
CHRYSOULA	NA	NA	NA	NA
CHUANG	NA	NA	NA	NA
CHUN	NA	NA	NA	NA
CINTHIA	NA	NA	NA	NA
CLACENS	NA	NA	NA	NA
CLAIRE	NA	NA	NA	NA
CLARA	NA	NA	NA	NA
CLARENCE	CLARENCE	male	0.73	1821
CLAUDE	NA	NA	NA	NA
CLAUDIA	CLAUDIA	female	0.98	118604
CLAUDINE	NA	NA	NA	NA
CLAUDIO	CLAUDIO	male	0.99	67759
CLEMENCE	CLEMENCE	female	0.94	3178
CLEMENT	NA	NA	NA	NA
CLEO	CLEO	female	0.89	2689
CLOTILDE	NA	NA	NA	NA
CODY	NA	NA	NA	NA
COLETTE	NA	NA	NA	NA
COLLINS	COLLINS	male	0.98	4252
CONCEICAO	CONCEICAO	female	0.93	509
CORALIE	CORALIE	female	0.97	19259
CORDT	NA	NA	NA	NA
CORENTIN	NA	NA	NA	NA
CORINE	CORINE	female	0.98	5135
CORINNA	CORINNA	female	0.97	6190
CORNELIA	NA	NA	NA	NA
CORNELIS	NA	NA	NA	NA
CORNELIUS	NA	NA	NA	NA
CRAIG	NA	NA	NA	NA
CRISTIAN	NA	NA	NA	NA
CRISTIANA	NA	NA	NA	NA
CRISTIANE	CRISTIANE	female	0.98	1268
CRISTINA	NA	NA	NA	NA
CRISTOBAL	CRISTOBAL	male	0.98	4849
CYRIL	NA	NA	NA	NA
CYRILLE	NA	NA	NA	NA
DAAN	DAAN	male	0.89	3118
DAGMAR	NA	NA	NA	NA
DAILY	NA	NA	NA	NA
DAL	NA	NA	NA	NA
DALIA	DALIA	female	0.98	5065
DAMIAN	DAMIAN	male	0.99	45769
DAMIANO	DAMIANO	male	0.99	7999
DAMIEN	DAMIEN	male	0.99	45746
DAN	DAN	male	0.95	55986
DANIEL	DANIEL	male	0.99	317409
DANIELA	NA	NA	NA	NA
DANIELE	NA	NA	NA	NA
DANILO	NA	NA	NA	NA
DANNY	NA	NA	NA	NA
DAPENG	DAPENG	male	1	28
DAPHNE	NA	NA	NA	NA
DARIA	NA	NA	NA	NA
DARIIA	NA	NA	NA	NA
DARIO	NA	NA	NA	NA
DARIUSZ	NA	NA	NA	NA
DARLIS	DARLIS	female	0.56	25
DAVID	NA	NA	NA	NA
DAVIDE	NA	NA	NA	NA
DAYONG	NA	NA	NA	NA
DE	DE	male	0.66	12743
DEBORA	DEBORA	female	0.99	18192
DEEPAK	DEEPAK	male	0.99	5210
DEHBIA	NA	NA	NA	NA
DELPHINE	DELPHINE	female	0.98	34395
DENILSON	NA	NA	NA	NA
DENIS	NA	NA	NA	NA
DENISE	DENISE	female	0.98	34047
DENNIS	NA	NA	NA	NA
DESIX	DESIX	male	0.75	4
DEYANG	NA	NA	NA	NA
DIANA	NA	NA	NA	NA
DIANE	DIANE	female	0.97	15367
DIBYENDU	NA	NA	NA	NA
DICHAO	NA	NA	NA	NA
DIDIER	NA	NA	NA	NA
DIEDERIK	DIEDERIK	male	0.98	329
DIEGO	NA	NA	NA	NA
DIETER	NA	NA	NA	NA
DILEK	NA	NA	NA	NA
DIMITRIOS	DIMITRIOS	male	0.99	1919
DIMITRIS	DIMITRIS	male	0.99	17450
DINA	DINA	female	0.97	20572
DING	DING	male	0.68	686
DINGYI	NA	NA	NA	NA
DINIS	NA	NA	NA	NA
DIONISIOS	DIONISIOS	male	1	76
DIRK	NA	NA	NA	NA
DIVYANG	DIVYANG	male	0.98	53
DMITRY	NA	NA	NA	NA
DMYTRO	NA	NA	NA	NA
DOAA	NA	NA	NA	NA
DOMINIC	DOMINIC	male	0.98	9906
DOMINIQUE	DOMINIQUE	male	0.57	51398
DONATIEN	NA	NA	NA	NA
DONATO	DONATO	male	0.99	7969
DONG	DONG	male	0.92	3611
DONGMEI	DONGMEI	female	0.98	48
DONGQIANG	NA	NA	NA	NA
DORA	NA	NA	NA	NA
DORCAS	DORCAS	female	0.99	1651
DORINE	NA	NA	NA	NA
DOROTHEA	DOROTHEA	female	0.97	1040
DOROTHEE	DOROTHEE	female	0.98	2448
DOUNIA	DOUNIA	female	0.97	4973
DOWON	DOWON	male	0.91	43
DR	DR	male	0.92	9291
DUAN	DUAN	male	0.96	4893
DUANGAMOL	NA	NA	NA	NA
DUC	DUC	male	0.95	1130
DUO	DUO	male	0.74	246
DUODUO	NA	NA	NA	NA
DUSAN	DUSAN	male	0.99	5749
DYNA	DYNA	female	0.91	462
ED	NA	NA	NA	NA
EDDY	EDDY	male	0.98	26557
EDIS	NA	NA	NA	NA
EDITA	NA	NA	NA	NA
EDITH	NA	NA	NA	NA
EDOUARD	EDOUARD	male	0.98	6348
EDUARDA	NA	NA	NA	NA
EDUARDO	NA	NA	NA	NA
EDWARD	NA	NA	NA	NA
EDYTA	EDYTA	female	0.98	20720
EFTERPI	EFTERPI	female	0.95	20
EGON	NA	NA	NA	NA
EGOR	NA	NA	NA	NA
EIDER	NA	NA	NA	NA
EKATERINA	EKATERINA	female	0.98	11546
ELBA	ELBA	female	0.91	784
ELENA	NA	NA	NA	NA
ELENI	NA	NA	NA	NA
ELEONORA	ELEONORA	female	0.99	22031
ELIAS	NA	NA	NA	NA
ELIE	ELIE	male	0.93	9097
ELINA	ELINA	female	0.96	9431
ELINOR	NA	NA	NA	NA
ELISA	ELISA	female	0.99	80935
ELISABETE	NA	NA	NA	NA
ELISABETH	ELISABETH	female	0.98	27551
ELISABETTA	NA	NA	NA	NA
ELISE	ELISE	female	0.96	14846
ELIZABETH	NA	NA	NA	NA
ELMUSTAFA	ELMUSTAFA	male	1	6
ELODIE	ELODIE	female	0.98	55903
ELOINE	NA	NA	NA	NA
ELSA	NA	NA	NA	NA
ELSJE	ELSJE	female	0.96	189
ELVIRA	ELVIRA	female	0.98	13934
ELZBIETA	NA	NA	NA	NA
EMANUEL	EMANUEL	male	0.99	11961
EMANUELE	NA	NA	NA	NA
EMANUELLE	NA	NA	NA	NA
EMELINE	EMELINE	female	0.97	7890
EMILE	EMILE	male	0.94	4740
EMILIA	NA	NA	NA	NA
EMILIE	EMILIE	female	0.98	72741
EMILIO	NA	NA	NA	NA
EMILY	NA	NA	NA	NA
EMINENCE	EMINENCE	male	0.66	47
EMMANUEL	NA	NA	NA	NA
EMMANUELE	EMMANUELE	male	0.93	588
EMMANUELLE	EMMANUELLE	female	0.97	14356
ENDARTO	NA	NA	NA	NA
ENRIQUE	NA	NA	NA	NA
ENZO	NA	NA	NA	NA
EONSEON	NA	NA	NA	NA
EPPE	NA	NA	NA	NA
ERGYS	ERGYS	male	0.98	261
ERHARD	ERHARD	male	0.98	389
ERIC	NA	NA	NA	NA
ERICA	ERICA	female	0.99	22048
ERICK	NA	NA	NA	NA
ERIK	ERIK	male	0.99	36091
ERIKA	NA	NA	NA	NA
ERWAN	ERWAN	male	0.99	6446
ERWANN	ERWANN	male	0.99	1104
ESBEN	ESBEN	male	0.99	219
ESSAID	NA	NA	NA	NA
ESTEFANIA	NA	NA	NA	NA
ESTELLE	NA	NA	NA	NA
ESTHER	NA	NA	NA	NA
ETHAN	ETHAN	male	0.99	3521
ETIENNE	NA	NA	NA	NA
ETSUKO	NA	NA	NA	NA
ETSURO	ETSURO	male	1	14
EUCHARIA	EUCHARIA	female	0.98	120
EUGENE	EUGENE	male	0.95	8915
EUNMI	EUNMI	female	0.96	236
EVA	NA	NA	NA	NA
EVAN	NA	NA	NA	NA
EVELIEN	NA	NA	NA	NA
EVELIINA	EVELIINA	female	0.91	451
EVELIN	NA	NA	NA	NA
EVELINA	NA	NA	NA	NA
EVELYNE	EVELYNE	female	0.98	13782
EVGENIY	EVGENIY	male	0.99	2589
EVIE	NA	NA	NA	NA
EWA	NA	NA	NA	NA
EWELINA	EWELINA	female	0.98	40831
FABIAN	NA	NA	NA	NA
FABIANA	NA	NA	NA	NA
FABIEN	FABIEN	male	0.99	33928
FABIENNE	NA	NA	NA	NA
FABIO	FABIO	male	0.99	113500
FABIOLA	NA	NA	NA	NA
FABRICE	NA	NA	NA	NA
FABRIZIO	NA	NA	NA	NA
FADHILA	NA	NA	NA	NA
FALGUNI	NA	NA	NA	NA
FANCH	FANCH	male	0.97	489
FANG	FANG	female	0.71	1368
FANGLI	NA	NA	NA	NA
FANI	NA	NA	NA	NA
FANNY	FANNY	female	0.97	33073
FARID	NA	NA	NA	NA
FARIDA	FARIDA	female	0.98	4714
FATIHA	FATIHA	female	0.98	5110
FATIMA	FATIMA	female	0.98	44946
FATOUMATA	FATOUMATA	female	0.98	3250
FAUSTO	FAUSTO	male	0.99	6403
FEI	NA	NA	NA	NA
FEIPING	NA	NA	NA	NA
FELIPE	NA	NA	NA	NA
FELIU	NA	NA	NA	NA
FELIX	FELIX	male	0.98	35608
FEN	NA	NA	NA	NA
FENG	NA	NA	NA	NA
FERDI	NA	NA	NA	NA
FERNANDA	FERNANDA	female	0.98	12713
FERNANDO	NA	NA	NA	NA
FETHI	NA	NA	NA	NA
FILIP	FILIP	male	0.98	23771
FILIPA	FILIPA	female	0.97	8931
FILIPE	FILIPE	male	0.99	21963
FIONA	FIONA	female	0.97	11154
FIRMIN	FIRMIN	male	0.97	952
FJODOR	FJODOR	male	0.97	86
FLAVIA	FLAVIA	female	0.98	10166
FLAVIE	NA	NA	NA	NA
FLORA	FLORA	female	0.98	12646
FLORENCE	NA	NA	NA	NA
FLORENT	FLORENT	male	0.99	18354
FLORIAN	NA	NA	NA	NA
FLORIANE	FLORIANE	female	0.97	4958
FLORYAN	FLORYAN	male	0.99	90
FOUAD	NA	NA	NA	NA
FRANCA	NA	NA	NA	NA
FRANCESCA	NA	NA	NA	NA
FRANCESCO	FRANCESCO	male	0.99	196032
FRANCINE	FRANCINE	female	0.99	8962
FRANCIS	FRANCIS	male	0.94	38777
FRANCISC	FRANCISC	male	0.97	292
FRANCISCA	FRANCISCA	female	0.98	6344
FRANCISCO	NA	NA	NA	NA
FRANCK	FRANCK	male	0.99	63421
FRANCOIS	NA	NA	NA	NA
FRANCOISE	NA	NA	NA	NA
FRANK	FRANK	male	0.99	82391
FRANS	FRANS	male	0.98	5949
FRANZISKA	FRANZISKA	female	0.97	12249
FREDDY	FREDDY	male	0.98	17661
FREDERIC	NA	NA	NA	NA
FREDERIK	FREDERIK	male	0.99	4045
FREDERIQUE	FREDERIQUE	female	0.9	4471
FREE	NA	NA	NA	NA
FRIEDERIKE	FRIEDERIKE	female	0.96	1040
FULGENCIO	FULGENCIO	male	0.96	329
FUWEI	NA	NA	NA	NA
GABOR	NA	NA	NA	NA
GABRIEL	NA	NA	NA	NA
GABRIELA	GABRIELA	female	0.98	36660
GABRIELE	GABRIELE	male	0.85	34408
GABRIELLE	NA	NA	NA	NA
GAEL	NA	NA	NA	NA
GAELLE	NA	NA	NA	NA
GAETANE	NA	NA	NA	NA
GAETANO	NA	NA	NA	NA
GALLARDO	GALLARDO	male	0.89	173
GARAZI	NA	NA	NA	NA
GARRY	NA	NA	NA	NA
GARY	NA	NA	NA	NA
GASTON	GASTON	male	0.97	5144
GAUTHIER	GAUTHIER	male	0.93	3248
GEOFFREY	GEOFFREY	male	0.99	14049
GEORGES	GEORGES	male	0.98	18119
GEORGETA	GEORGETA	female	0.98	1283
GEORGIA	NA	NA	NA	NA
GEORGIAN	NA	NA	NA	NA
GEORGIOS	NA	NA	NA	NA
GEORGIY	NA	NA	NA	NA
GEORGY	GEORGY	male	0.57	1117
GERALD	GERALD	male	0.99	13923
GERARD	GERARD	male	0.98	28780
GERMAN	NA	NA	NA	NA
GERRIT	GERRIT	male	0.99	3924
GEUN	GEUN	male	0.82	172
GHAZI	NA	NA	NA	NA
GHERARDO	NA	NA	NA	NA
GHINA	GHINA	female	0.97	307
GHISLAIN	GHISLAIN	male	0.99	4328
GIACOMO	NA	NA	NA	NA
GIADA	GIADA	female	0.99	26938
GIANCARLO	GIANCARLO	male	0.99	12664
GIANMARCO	NA	NA	NA	NA
GIL	NA	NA	NA	NA
GILBERT	NA	NA	NA	NA
GILLES	NA	NA	NA	NA
GIORGIO	NA	NA	NA	NA
GIOVANNA	GIOVANNA	female	0.99	28393
GIOVANNI	GIOVANNI	male	0.99	104824
GISEL	NA	NA	NA	NA
GISELA	GISELA	female	0.98	6296
GISELY	GISELY	female	0.96	51
GISLENE	NA	NA	NA	NA
GIULIA	GIULIA	female	0.99	60748
GIULIANA	GIULIANA	female	0.99	5947
GIULIANO	NA	NA	NA	NA
GIUSEPPE	NA	NA	NA	NA
GLADYS	NA	NA	NA	NA
GLORIA	GLORIA	female	0.99	35269
GNAMIEN	NA	NA	NA	NA
GOMATHI	GOMATHI	female	0.88	48
GOTTFRIED	NA	NA	NA	NA
GOVINDAN	NA	NA	NA	NA
GRAHAM	GRAHAM	male	0.99	8693
GREGOIRE	GREGOIRE	male	0.96	2031
GREGORIO	NA	NA	NA	NA
GREGORY	NA	NA	NA	NA
GRIGORY	NA	NA	NA	NA
GRIT	GRIT	female	0.95	959
GRZEGORZ	NA	NA	NA	NA
GUADALUPE	NA	NA	NA	NA
GUANFENG	GUANFENG	male	1	2
GUANG	GUANG	male	0.92	294
GUANGQING	GUANGQING	male	1	5
GUANGXING	NA	NA	NA	NA
GUANGYI	GUANGYI	male	0.93	15
GUIDO	GUIDO	male	0.99	15568
GUILLAIN	GUILLAIN	male	0.92	75
GUILLAUME	NA	NA	NA	NA
GUILLERMO	NA	NA	NA	NA
GUIYING	GUIYING	female	0.94	16
GULSEN	GULSEN	female	0.98	775
GUNEET	NA	NA	NA	NA
GUNNAR	GUNNAR	male	0.99	2406
GUOYU	NA	NA	NA	NA
GUUS	GUUS	male	0.97	802
GUY	GUY	male	0.98	26733
GWENAELLE	NA	NA	NA	NA
GWLADYS	NA	NA	NA	NA
HA	NA	NA	NA	NA
HADI	HADI	male	0.96	7766
HAFSA	HAFSA	female	0.98	1481
HAIBO	NA	NA	NA	NA
HAIJUN	NA	NA	NA	NA
HAILE	NA	NA	NA	NA
HAIWEI	HAIWEI	male	0.89	19
HAJIME	NA	NA	NA	NA
HAKIMA	NA	NA	NA	NA
HALLOUMA	NA	NA	NA	NA
HALLVARD	NA	NA	NA	NA
HAMED	NA	NA	NA	NA
HAMIDEH	HAMIDEH	female	0.98	133
HAMZA	HAMZA	male	0.97	39954
HAN	HAN	male	0.73	5588
HANA	HANA	female	0.98	33128
HANBING	NA	NA	NA	NA
HANCHEOL	NA	NA	NA	NA
HANEN	NA	NA	NA	NA
HANGXING	HANGXING	male	1	1
HANNES	NA	NA	NA	NA
HANNO	NA	NA	NA	NA
HANS	NA	NA	NA	NA
HANY	NA	NA	NA	NA
HAO	HAO	male	0.89	1289
HAOQUAN	HAOQUAN	male	1	1
HAQUE	NA	NA	NA	NA
HARALD	HARALD	male	0.99	6762
HARESH	NA	NA	NA	NA
HARIVONY	NA	NA	NA	NA
HARJINDER	HARJINDER	male	0.94	129
HARRI	NA	NA	NA	NA
HARRY	NA	NA	NA	NA
HARTMUT	NA	NA	NA	NA
HASAN	HASAN	male	0.97	100395
HASRET	NA	NA	NA	NA
HAWRAA	NA	NA	NA	NA
HAZEM	HAZEM	male	0.98	3411
HEBA	NA	NA	NA	NA
HECTOR	NA	NA	NA	NA
HEE	NA	NA	NA	NA
HEIDI	NA	NA	NA	NA
HEINRICH	HEINRICH	male	0.98	2100
HELEEN	HELEEN	female	0.99	762
HELEN	NA	NA	NA	NA
HELENA	HELENA	female	0.99	40369
HELENE	NA	NA	NA	NA
HELGE	NA	NA	NA	NA
HELI	NA	NA	NA	NA
HELMUT	HELMUT	male	0.99	5703
HENNING	NA	NA	NA	NA
HENRI	NA	NA	NA	NA
HENRIK	HENRIK	male	0.99	10710
HENRY	HENRY	male	0.98	30742
HERCULES	HERCULES	male	0.98	459
HERMENEGILDO	NA	NA	NA	NA
HERNAN	HERNAN	male	0.98	4320
HERO	HERO	male	0.93	2219
HERON	HERON	male	0.91	165
HERVE	NA	NA	NA	NA
HERWIG	NA	NA	NA	NA
HIBA	HIBA	female	0.98	5902
HICHAM	NA	NA	NA	NA
HICHEM	NA	NA	NA	NA
HILAL	NA	NA	NA	NA
HILDA	HILDA	female	0.98	3862
HIROAKI	HIROAKI	male	1	944
HIROYUKI	HIROYUKI	male	1	1832
HITENDRA	HITENDRA	male	0.99	72
HOANG	HOANG	male	0.83	1409
HOLGER	NA	NA	NA	NA
HONG	HONG	male	0.65	3894
HONGLI	HONGLI	female	0.58	33
HONGSHUAI	HONGSHUAI	male	1	1
HOONG	NA	NA	NA	NA
HOUCINE	HOUCINE	male	0.98	2918
HUAI	HUAI	female	0.51	55
HUANG	HUANG	male	0.59	1348
HUBERT	HUBERT	male	0.98	15039
HUDSON	HUDSON	male	0.95	446
HUGO	HUGO	male	0.99	46650
HUI	NA	NA	NA	NA
HUIHUI	NA	NA	NA	NA
HUMZA	HUMZA	male	0.97	117
HUNG	NA	NA	NA	NA
HUONG	NA	NA	NA	NA
HUSEYIN	HUSEYIN	male	0.97	9302
HYE	HYE	female	0.94	2026
HYEONSHIN	NA	NA	NA	NA
HYNEK	HYNEK	male	0.98	793
IAN	IAN	male	0.99	27117
IARA	NA	NA	NA	NA
IBRAHIM	NA	NA	NA	NA
IDALIA	IDALIA	female	0.98	331
IDELETTE	NA	NA	NA	NA
IGOR	IGOR	male	0.99	35328
IKER	IKER	male	0.99	6310
IL	NA	NA	NA	NA
ILA	ILA	female	0.9	2974
ILABAHEN	NA	NA	NA	NA
ILHAM	NA	NA	NA	NA
ILONA	ILONA	female	0.99	29528
IMANE	NA	NA	NA	NA
IMENE	NA	NA	NA	NA
IMRAN	NA	NA	NA	NA
IN	NA	NA	NA	NA
INAKI	NA	NA	NA	NA
INE	NA	NA	NA	NA
INES	NA	NA	NA	NA
INGO	NA	NA	NA	NA
INGRID	INGRID	female	0.98	26843
INGVILD	INGVILD	female	0.98	80
INSAF	NA	NA	NA	NA
INSEON	INSEON	female	0.76	42
IOANA	NA	NA	NA	NA
ION	NA	NA	NA	NA
IONNA	NA	NA	NA	NA
IQRA	IQRA	female	0.94	253
IRANTZU	NA	NA	NA	NA
IRENE	NA	NA	NA	NA
IRINA	NA	NA	NA	NA
IRIS	NA	NA	NA	NA
ISABEL	ISABEL	female	0.98	60396
ISABELA	ISABELA	female	0.98	2153
ISABELL	NA	NA	NA	NA
ISABELLA	ISABELLA	female	0.98	15879
ISABELLE	NA	NA	NA	NA
IUNIA	IUNIA	female	1	38
IVAN	NA	NA	NA	NA
IVANO	IVANO	male	0.99	4977
IVO	IVO	male	0.98	12873
IVONNE	IVONNE	female	0.98	4139
IWO	IWO	male	0.8	381
IWONA	IWONA	female	0.98	31831
IYAD	NA	NA	NA	NA
IZABELA	NA	NA	NA	NA
JAAKKO	JAAKKO	male	0.99	1059
JACCO	NA	NA	NA	NA
JACEK	NA	NA	NA	NA
JACK	NA	NA	NA	NA
JACOB	NA	NA	NA	NA
JACOPO	JACOPO	male	0.99	6453
JACQUELINE	NA	NA	NA	NA
JACQUES	NA	NA	NA	NA
JAE	JAE	male	0.87	3923
JAEHOON	NA	NA	NA	NA
JAIME	JAIME	male	0.97	31195
JAKOB	JAKOB	male	0.99	5281
JAKUB	JAKUB	male	0.99	38992
JALEL	NA	NA	NA	NA
JALILA	JALILA	female	0.98	855
JAMAL	NA	NA	NA	NA
JAMES	JAMES	male	0.99	117309
JAMIE	NA	NA	NA	NA
JAN	JAN	male	0.95	142869
JANE	NA	NA	NA	NA
JANI	JANI	male	0.87	7934
JANINE	NA	NA	NA	NA
JANIS	NA	NA	NA	NA
JARI	NA	NA	NA	NA
JAROSLAV	JAROSLAV	male	0.99	20096
JAROSLAW	NA	NA	NA	NA
JASMINE	NA	NA	NA	NA
JASON	NA	NA	NA	NA
JASPER	NA	NA	NA	NA
JAVIER	NA	NA	NA	NA
JAY	NA	NA	NA	NA
JEAN	JEAN	male	0.95	196185
JEANNE	NA	NA	NA	NA
JELENA	JELENA	female	0.98	17321
JELKA	JELKA	female	0.98	261
JENI	NA	NA	NA	NA
JENNIFER	JENNIFER	female	0.98	90255
JENNY	JENNY	female	0.98	74278
JENS	NA	NA	NA	NA
JEONG	JEONG	male	0.65	2162
JEREMY	JEREMY	male	0.99	48233
JERK	NA	NA	NA	NA
JEROEN	NA	NA	NA	NA
JEROME	JEROME	male	0.99	55481
JERZY	JERZY	male	0.99	7948
JESSEM	JESSEM	male	1	18
JESSICA	NA	NA	NA	NA
JESUS	JESUS	male	0.98	75065
JEVGENIJ	NA	NA	NA	NA
JIA	NA	NA	NA	NA
JIAJUN	NA	NA	NA	NA
JIAN	NA	NA	NA	NA
JIANFENG	NA	NA	NA	NA
JIANMEI	NA	NA	NA	NA
JIANXIA	NA	NA	NA	NA
JIAOQI	NA	NA	NA	NA
JIAWEI	JIAWEI	male	0.82	98
JIAYUN	NA	NA	NA	NA
JIE	JIE	male	0.57	1619
JILAN	NA	NA	NA	NA
JIM	JIM	male	0.98	26900
JIN	JIN	male	0.7	7587
JINFAN	JINFAN	male	1	3
JINGYANG	NA	NA	NA	NA
JINSOO	JINSOO	male	0.95	148
JINSUK	NA	NA	NA	NA
JINZHU	NA	NA	NA	NA
JIRI	JIRI	male	0.99	10190
JOACHIM	JOACHIM	male	0.99	8264
JOAH	NA	NA	NA	NA
JOAN	JOAN	male	0.69	27362
JOANA	JOANA	female	0.97	29349
JOANNA	NA	NA	NA	NA
JOAO	NA	NA	NA	NA
JOAQUIN	NA	NA	NA	NA
JOCELYNE	JOCELYNE	female	0.99	9825
JOEL	NA	NA	NA	NA
JOELLE	JOELLE	female	0.98	11998
JOHAN	NA	NA	NA	NA
JOHANN	JOHANN	male	0.99	10448
JOHANNES	JOHANNES	male	0.99	13733
JOHN	NA	NA	NA	NA
JOHNNY	JOHNNY	male	0.99	30340
JOHNSON	NA	NA	NA	NA
JOICE	NA	NA	NA	NA
JON	JON	male	0.98	29554
JONAS	JONAS	male	0.99	25038
JONATAN	NA	NA	NA	NA
JONATHAN	JONATHAN	male	0.99	87986
JONGCHOO	JONGCHOO	unknown	0	0
JOOST	NA	NA	NA	NA
JOREN	JOREN	male	0.92	211
JORGE	JORGE	male	0.99	118451
JORIS	JORIS	male	0.98	5257
JORMA	NA	NA	NA	NA
JOSE	NA	NA	NA	NA
JOSEFA	JOSEFA	female	0.97	3359
JOSEPH	JOSEPH	male	0.99	60259
JOSUA	JOSUA	male	0.96	941
JOVITA	NA	NA	NA	NA
JUAN	NA	NA	NA	NA
JUANA	JUANA	female	0.96	8109
JUBRIL	JUBRIL	male	0.95	211
JUDITH	JUDITH	female	0.98	19741
JUHA	NA	NA	NA	NA
JULIA	NA	NA	NA	NA
JULIAN	NA	NA	NA	NA
JULIANA	JULIANA	female	0.98	14372
JULIANNE	JULIANNE	female	0.97	543
JULIE	NA	NA	NA	NA
JULIEN	NA	NA	NA	NA
JULLIEN	JULLIEN	male	0.85	156
JUN	JUN	male	0.9	8911
JUNG	NA	NA	NA	NA
JUNGBAE	NA	NA	NA	NA
JUNHO	NA	NA	NA	NA
JURGEN	NA	NA	NA	NA
JURJEN	JURJEN	male	1	229
JUSANG	NA	NA	NA	NA
JUSSI	JUSSI	male	0.97	2036
JUSTINE	NA	NA	NA	NA
JUSTO	NA	NA	NA	NA
JUSTYNA	JUSTYNA	female	0.98	53321
JUTTA	NA	NA	NA	NA
JUVENTINO	NA	NA	NA	NA
JYRI	NA	NA	NA	NA
KADAMBARI	KADAMBARI	female	0.83	12
KAI	NA	NA	NA	NA
KAIES	KAIES	male	0.98	197
KAIYOU	NA	NA	NA	NA
KALLIOPI	NA	NA	NA	NA
KAMAL	NA	NA	NA	NA
KAMALESH	KAMALESH	male	0.95	41
KAMEH	KAMEH	male	0.67	3
KAMEL	KAMEL	male	0.98	26279
KAMILA	NA	NA	NA	NA
KANNAN	KANNAN	male	0.98	547
KAORU	NA	NA	NA	NA
KAREN	NA	NA	NA	NA
KARI	NA	NA	NA	NA
KARIM	NA	NA	NA	NA
KARIMA	KARIMA	female	0.97	13181
KARINA	KARINA	female	0.98	29586
KARINE	KARINE	female	0.99	56339
KAROLIEN	NA	NA	NA	NA
KAROLINA	NA	NA	NA	NA
KAROLINE	NA	NA	NA	NA
KARSTEN	NA	NA	NA	NA
KASSEM	KASSEM	male	0.97	902
KATALIN	NA	NA	NA	NA
KATARIINA	NA	NA	NA	NA
KATARINA	KATARINA	female	0.98	12712
KATARZYNA	NA	NA	NA	NA
KATERINA	NA	NA	NA	NA
KATERYNA	NA	NA	NA	NA
KATHARINA	KATHARINA	female	0.97	18153
KATHY	NA	NA	NA	NA
KATIA	NA	NA	NA	NA
KATSUMI	NA	NA	NA	NA
KAZUAKI	KAZUAKI	male	1	263
KAZUHIKO	KAZUHIKO	male	1	362
KAZUHIRO	NA	NA	NA	NA
KAZUYA	NA	NA	NA	NA
KEE	NA	NA	NA	NA
KEIICHI	KEIICHI	male	1	384
KELECHUKWU	KELECHUKWU	male	0.9	20
KELLY	NA	NA	NA	NA
KENJI	KENJI	male	0.98	2602
KERRY	NA	NA	NA	NA
KERSTIN	NA	NA	NA	NA
KEVIN	NA	NA	NA	NA
KEYONG	NA	NA	NA	NA
KHAI	NA	NA	NA	NA
KHALED	NA	NA	NA	NA
KHASHAYAR	NA	NA	NA	NA
KIE	NA	NA	NA	NA
KIICHI	NA	NA	NA	NA
KIKI	KIKI	female	0.59	18761
KILIAN	KILIAN	male	0.99	2869
KIM	NA	NA	NA	NA
KIN	NA	NA	NA	NA
KIRSI	KIRSI	female	0.93	1706
KIYOFUMI	NA	NA	NA	NA
KLARA	KLARA	female	0.98	7118
KLAUS	NA	NA	NA	NA
KOEN	NA	NA	NA	NA
KOMAL	NA	NA	NA	NA
KONSTANTINOS	KONSTANTINOS	male	0.99	4197
KORNEEL	NA	NA	NA	NA
KOSTIANTYN	NA	NA	NA	NA
KOTESWARA	KOTESWARA	male	1	12
KOUAKOU	KOUAKOU	male	0.79	1805
KOUOH	NA	NA	NA	NA
KOYO	KOYO	male	0.85	94
KRIJN	NA	NA	NA	NA
KRISTINE	KRISTINE	female	0.98	6020
KRISTOPHER	KRISTOPHER	male	1	1008
KRISZTINA	KRISZTINA	female	0.99	9808
KRZYSZTOF	NA	NA	NA	NA
KWAN	NA	NA	NA	NA
KWANG	NA	NA	NA	NA
KWINTEN	NA	NA	NA	NA
KWON	NA	NA	NA	NA
KYLIE	NA	NA	NA	NA
KYUNG	NA	NA	NA	NA
KYUNGJIN	KYUNGJIN	female	0.58	104
KYUYONG	NA	NA	NA	NA
LAETITIA	NA	NA	NA	NA
LAILA	LAILA	female	0.98	17236
LAKSHMI	LAKSHMI	female	0.76	555
LAKSHMY	NA	NA	NA	NA
LALITHA	LALITHA	female	0.95	149
LANGYOU	LANGYOU	unknown	0	0
LARA	NA	NA	NA	NA
LARBI	NA	NA	NA	NA
LARS	LARS	male	0.99	22753
LAURA	LAURA	female	0.98	288403
LAURE	LAURE	female	0.97	22451
LAUREANNE	LAUREANNE	female	1	10
LAURENCE	LAURENCE	female	0.96	53900
LAURENS	NA	NA	NA	NA
LAURENT	NA	NA	NA	NA
LAURI	NA	NA	NA	NA
LAURIANNE	NA	NA	NA	NA
LAURIE	LAURIE	female	0.95	11304
LAXMAN	LAXMAN	male	0.99	271
LAYLA	LAYLA	female	0.98	5744
LEA	NA	NA	NA	NA
LEANDER	NA	NA	NA	NA
LEDJANE	NA	NA	NA	NA
LEILA	NA	NA	NA	NA
LENA	LENA	female	0.98	42258
LEO	NA	NA	NA	NA
LEON	LEON	male	0.98	22539
LEONARD	NA	NA	NA	NA
LEONARDO	LEONARDO	male	0.99	31322
LEONID	LEONID	male	1	2369
LETHIWE	LETHIWE	female	1	17
LETICIA	NA	NA	NA	NA
LEUCIO	LEUCIO	male	1	14
LEVINH	NA	NA	NA	NA
LHOUSSAIN	LHOUSSAIN	male	0.97	105
LI	NA	NA	NA	NA
LIA	NA	NA	NA	NA
LIANE	LIANE	female	0.98	2115
LIANGFANG	LIANGFANG	unknown	0	0
LIANGXU	NA	NA	NA	NA
LIANGYUAN	LIANGYUAN	female	0.5	2
LIANJIE	NA	NA	NA	NA
LIAQAT	LIAQAT	male	0.98	152
LICHENG	LICHENG	male	0.75	20
LIDIA	NA	NA	NA	NA
LIGIA	NA	NA	NA	NA
LIISA	LIISA	female	0.96	1178
LIJIE	LIJIE	male	0.53	47
LILIANA	NA	NA	NA	NA
LILIVET	LILIVET	female	1	4
LILLIAN	LILLIAN	female	0.97	1806
LIMING	NA	NA	NA	NA
LIN	LIN	female	0.63	6642
LINDA	NA	NA	NA	NA
LING	LING	female	0.78	2477
LIONEL	LIONEL	male	0.99	23008
LIQAA	LIQAA	male	1	1
LIQUAN	NA	NA	NA	NA
LISA	NA	NA	NA	NA
LISE	NA	NA	NA	NA
LISIANNE	NA	NA	NA	NA
LIYANG	NA	NA	NA	NA
LIYU	LIYU	female	0.7	63
LJUDMILA	NA	NA	NA	NA
LLORED	LLORED	male	1	1
LOIC	NA	NA	NA	NA
LOIS	LOIS	female	0.58	2510
LORAINE	NA	NA	NA	NA
LOREDANA	LOREDANA	female	0.99	15840
LOREDANO	NA	NA	NA	NA
LORENZO	LORENZO	male	0.99	55168
LORI	LORI	female	0.86	4757
LORIS	NA	NA	NA	NA
LORRAINE	LORRAINE	female	0.98	6673
LOUAY	LOUAY	male	0.98	481
LOUIS	NA	NA	NA	NA
LOUISE	LOUISE	female	0.97	23447
LOURDES	NA	NA	NA	NA
LU	LU	female	0.57	4669
LUC	LUC	male	0.97	26405
LUCA	LUCA	male	0.96	185452
LUCAS	NA	NA	NA	NA
LUCIA	NA	NA	NA	NA
LUCIAN	NA	NA	NA	NA
LUCIANA	NA	NA	NA	NA
LUCIANO	LUCIANO	male	0.99	23887
LUCIE	LUCIE	female	0.99	85580
LUCIJA	LUCIJA	female	0.96	569
LUCILE	NA	NA	NA	NA
LUCILIA	LUCILIA	female	0.98	566
LUCIO	LUCIO	male	0.99	11226
LUCY	NA	NA	NA	NA
LUDIVINE	NA	NA	NA	NA
LUDOVIC	NA	NA	NA	NA
LUIGI	LUIGI	male	0.99	68518
LUIS	NA	NA	NA	NA
LUISA	NA	NA	NA	NA
LUISELLA	LUISELLA	female	0.99	854
LUIZ	LUIZ	male	0.98	3656
LUKAS	NA	NA	NA	NA
LUYCKX:	LUYCKX:	unknown	0	0
LYDIE	NA	NA	NA	NA
MAACHE	MAACHE	male	0.79	19
MAAIKE	MAAIKE	female	0.99	1948
MAAMAR	MAAMAR	male	0.97	703
MAARIT	MAARIT	female	0.93	1016
MAARTEN	MAARTEN	male	0.99	4513
MADALIN	MADALIN	male	0.98	1626
MADALINA	NA	NA	NA	NA
MADEEHA	NA	NA	NA	NA
MADJID	NA	NA	NA	NA
MAELLE	NA	NA	NA	NA
MAEVA	MAEVA	female	0.98	9264
MAFALDA	MAFALDA	female	0.97	4028
MAGALI	MAGALI	female	0.98	18570
MAGDA	MAGDA	female	0.98	55818
MAGDALENA	NA	NA	NA	NA
MAGDI	MAGDI	female	0.73	2321
MAGNUS	NA	NA	NA	NA
MAGUELONE	MAGUELONE	female	0.93	43
MAHAMOUD	NA	NA	NA	NA
MAHER	NA	NA	NA	NA
MAHMOUD	MAHMOUD	male	0.98	21229
MAHMUT	MAHMUT	male	0.97	24153
MAITE	MAITE	female	0.99	11403
MAJD	MAJD	male	0.9	1387
MAKOTO	MAKOTO	male	0.95	1781
MAKSYM	MAKSYM	male	1	623
MALAYIL	NA	NA	NA	NA
MALEE	MALEE	female	0.9	200
MALGORZATA	MALGORZATA	female	0.97	6794
MANAL	NA	NA	NA	NA
MANAR	NA	NA	NA	NA
MANFRED	MANFRED	male	0.99	9222
MANGESH	NA	NA	NA	NA
MANI	NA	NA	NA	NA
MANISHA	MANISHA	female	0.97	643
MANUEL	MANUEL	male	0.99	166605
MANUELA	MANUELA	female	0.99	60642
MAOBING	NA	NA	NA	NA
MARA	NA	NA	NA	NA
MARC	MARC	male	0.99	116213
MARCEL	MARCEL	male	0.99	63607
MARCELA	NA	NA	NA	NA
MARCELLA	NA	NA	NA	NA
MARCELLO	NA	NA	NA	NA
MARCELO	MARCELO	male	0.99	17962
MARCIA	NA	NA	NA	NA
MARCIN	NA	NA	NA	NA
MARCO	MARCO	male	0.99	357670
MARCOAURELIO	MARCOAURELIO	male	0.98	55
MARCOS	MARCOS	male	0.99	42611
MARCUS	NA	NA	NA	NA
MAREK	MAREK	male	0.99	72236
MARGARIDA	NA	NA	NA	NA
MARGOT	MARGOT	female	0.97	7723
MARGUERITA	NA	NA	NA	NA
MARIA	NA	NA	NA	NA
MARIAFRANCESCA	NA	NA	NA	NA
MARIAM	MARIAM	female	0.98	16152
MARIAN	NA	NA	NA	NA
MARIANA	MARIANA	female	0.98	28214
MARIANE	MARIANE	female	0.98	1912
MARIANNE	MARIANNE	female	0.99	37801
MARIE	NA	NA	NA	NA
MARIELLE	MARIELLE	female	0.98	4932
MARIEM	MARIEM	female	0.98	2847
MARIN	MARIN	male	0.76	6930
MARINA	NA	NA	NA	NA
MARINE	NA	NA	NA	NA
MARINELLA	MARINELLA	female	0.99	2494
MARIO	NA	NA	NA	NA
MARION	NA	NA	NA	NA
MARIS	NA	NA	NA	NA
MARIUS	NA	NA	NA	NA
MARIUSZ	NA	NA	NA	NA
MARIYA	MARIYA	female	0.98	5585
MARJORIE	NA	NA	NA	NA
MARK	NA	NA	NA	NA
MARKUS	NA	NA	NA	NA
MARLENE	NA	NA	NA	NA
MAROUA	MAROUA	female	0.98	913
MARTA	MARTA	female	0.98	184145
MARTIJN	NA	NA	NA	NA
MARTIN	NA	NA	NA	NA
MARTINA	NA	NA	NA	NA
MARTINE	NA	NA	NA	NA
MARTINO	NA	NA	NA	NA
MARTINS	NA	NA	NA	NA
MARTTA	NA	NA	NA	NA
MARTYN	MARTYN	male	0.98	2226
MARVIN	NA	NA	NA	NA
MARWEN	NA	NA	NA	NA
MARY	MARY	female	0.99	142684
MARYLINE	NA	NA	NA	NA
MASAHIRO	NA	NA	NA	NA
MASAKAZU	NA	NA	NA	NA
MASAMI	MASAMI	female	0.51	467
MASANAO	MASANAO	male	0.98	62
MASATO	MASATO	male	1	965
MASAYUKI	MASAYUKI	male	1	892
MASAZUMI	MASAZUMI	male	1	24
MASSIMILIANO	NA	NA	NA	NA
MASSIMO	MASSIMO	male	0.99	69361
MATEUS	NA	NA	NA	NA
MATHEUS	NA	NA	NA	NA
MATHIEU	NA	NA	NA	NA
MATHILDE	MATHILDE	female	0.96	17232
MATILDE	NA	NA	NA	NA
MATJAZ	MATJAZ	male	0.99	318
MATS	NA	NA	NA	NA
MATTEO	MATTEO	male	0.99	69199
MATTHAUS	NA	NA	NA	NA
MATTHEW	NA	NA	NA	NA
MATTHIAS	MATTHIAS	male	1	26402
MATTHIEU	MATTHIEU	male	0.99	18665
MATTI	MATTI	male	0.97	3282
MATTIA	NA	NA	NA	NA
MATTIAS	MATTIAS	male	0.99	5560
MAUD	NA	NA	NA	NA
MAUDE	MAUDE	female	0.97	1907
MAUGARD	MAUGARD	female	0.8	5
MAURI	NA	NA	NA	NA
MAURICE	NA	NA	NA	NA
MAURIZIO	NA	NA	NA	NA
MAX	NA	NA	NA	NA
MAXENCE	NA	NA	NA	NA
MAXIM	MAXIM	male	0.97	9825
MAXIME	NA	NA	NA	NA
MAYA	MAYA	female	0.95	22722
MAYANK	MAYANK	male	0.99	1107
MAYURI	MAYURI	female	0.95	186
MD	MD	male	0.92	4466
MEGANE	MEGANE	female	0.94	2601
MEHDI	NA	NA	NA	NA
MEHMET	NA	NA	NA	NA
MEKRO	MEKRO	unknown	0	0
MELHA	MELHA	female	0.9	39
MELISSA	MELISSA	female	0.99	63975
MENG	MENG	male	0.63	1225
MENGHUA	NA	NA	NA	NA
MERCEDES	NA	NA	NA	NA
MERIEM	NA	NA	NA	NA
MERTEN	NA	NA	NA	NA
METTE	NA	NA	NA	NA
MIARINTSOA	NA	NA	NA	NA
MICHAEL	MICHAEL	male	0.99	245870
MICHAL	MICHAL	male	0.99	62499
MICHEL	MICHEL	male	0.97	93795
MICHELA	NA	NA	NA	NA
MICHELE	MICHELE	male	0.86	88388
MICHELINE	NA	NA	NA	NA
MICHIEL	NA	NA	NA	NA
MICKA	MICKA	male	0.93	4379
MICKAEL	NA	NA	NA	NA
MIGUEL	MIGUEL	male	0.99	158479
MIHA	NA	NA	NA	NA
MIHAI	NA	NA	NA	NA
MIHKEL	NA	NA	NA	NA
MIKA	NA	NA	NA	NA
MIKE	MIKE	male	0.99	109844
MIKEL	MIKEL	male	0.99	12123
MIKHAIL	NA	NA	NA	NA
MILO	NA	NA	NA	NA
MILOSLAV	NA	NA	NA	NA
MING	MING	male	0.74	2947
MINGHAO	NA	NA	NA	NA
MINGHUI	NA	NA	NA	NA
MINH	NA	NA	NA	NA
MINOU	MINOU	male	0.67	2898
MINRUI	MINRUI	female	0.8	5
MIRA	NA	NA	NA	NA
MIRAN	MIRAN	male	0.75	1522
MIREILLE	NA	NA	NA	NA
MIRELLA	MIRELLA	female	0.99	6757
MIRZA	MIRZA	male	0.93	3429
MODIBO	MODIBO	male	0.99	788
MOHAMAD	MOHAMAD	male	0.97	17053
MOHAMED	NA	NA	NA	NA
MOHAMMAD	NA	NA	NA	NA
MOHAMMED	NA	NA	NA	NA
MOHAN	NA	NA	NA	NA
MOHANAKRISHNA	MOHANAKRISHNA	male	1	2
MONGI	MONGI	male	0.97	663
MONIA	NA	NA	NA	NA
MONICA	NA	NA	NA	NA
MONIKA	MONIKA	female	0.98	148481
MONTSERRAT	NA	NA	NA	NA
MORGANE	NA	NA	NA	NA
MORITZ	MORITZ	male	0.99	4088
MOSTAFA	NA	NA	NA	NA
MOSTAPHA	MOSTAPHA	male	0.97	2014
MOUANDHOIME	MOUANDHOIME	male	1	1
MOULAY	NA	NA	NA	NA
MOUNIA	NA	NA	NA	NA
MOUNIR	MOUNIR	male	0.98	16883
MOURAD	NA	NA	NA	NA
MOUSTAFA	NA	NA	NA	NA
MRUTYUNJAY	NA	NA	NA	NA
MUKESH	MUKESH	male	0.99	1846
MURIEL	MURIEL	female	0.98	14732
MURIELLE	NA	NA	NA	NA
MUSTAPHA	NA	NA	NA	NA
MYUNG	MYUNG	male	0.73	710
NABILAH	NA	NA	NA	NA
NACERA	NA	NA	NA	NA
NACEUR	NACEUR	male	0.97	806
NADEGE	NA	NA	NA	NA
NADIA	NA	NA	NA	NA
NADINE	NA	NA	NA	NA
NADJA	NADJA	female	0.97	8845
NAGAPHANI	NA	NA	NA	NA
NAHLA	NAHLA	female	0.98	1077
NAJLA	NA	NA	NA	NA
NAM	NA	NA	NA	NA
NANCY	NANCY	female	0.98	42623
NAOKI	NA	NA	NA	NA
NAOYA	NA	NA	NA	NA
NARENDRA	NARENDRA	male	0.99	815
NARESH	NARESH	male	0.99	1460
NASREDDINE	NA	NA	NA	NA
NASRUDDIN	NASRUDDIN	male	0.97	33
NASSIM	NA	NA	NA	NA
NATALIA	NA	NA	NA	NA
NATALIYA	NATALIYA	female	0.98	3670
NATASA	NATASA	female	0.98	6675
NATHALIA	NATHALIA	female	0.98	1938
NATHALIE	NA	NA	NA	NA
NATHANAEL	NATHANAEL	male	0.98	1140
NATIVIDAD	NA	NA	NA	NA
NATSUMI	NA	NA	NA	NA
NAZILA	NAZILA	female	0.98	217
NAZZARENO	NAZZARENO	male	0.99	614
NAZZOLY	NA	NA	NA	NA
NEENA	NA	NA	NA	NA
NEHA	NA	NA	NA	NA
NEIL	NA	NA	NA	NA
NEJIB	NEJIB	male	0.98	765
NEREA	NEREA	female	0.99	12275
NERIJUS	NA	NA	NA	NA
NESREEN	NESREEN	female	1	201
NESTOR	NA	NA	NA	NA
NEUS	NA	NA	NA	NA
NGUYET	NGUYET	female	0.96	96
NICHOLAS	NA	NA	NA	NA
NICK	NA	NA	NA	NA
NICOLA	NICOLA	male	0.85	60815
NICOLAS	NA	NA	NA	NA
NICOLE	NA	NA	NA	NA
NICOLETTA	NICOLETTA	female	0.99	7025
NIDHI	NA	NA	NA	NA
NIELS	NIELS	male	0.99	7479
NIHAT	NIHAT	male	0.97	11513
NIKA	NA	NA	NA	NA
NIKLAS	NIKLAS	male	1	10027
NIKOLAJS	NIKOLAJS	male	1	100
NIKOLAOS	NA	NA	NA	NA
NIKOLAUS	NA	NA	NA	NA
NIKOLAY	NA	NA	NA	NA
NILAY	NILAY	female	0.94	3820
NILS	NILS	male	0.99	9603
NINA	NA	NA	NA	NA
NING	NING	female	0.76	1681
NOEL	NA	NA	NA	NA
NOEMIE	NA	NA	NA	NA
NOLVEN	NA	NA	NA	NA
NOLWENN	NOLWENN	female	0.95	2230
NOR	NA	NA	NA	NA
NORBERT	NORBERT	male	0.99	19563
NORMA	NA	NA	NA	NA
NOUHA	NA	NA	NA	NA
NOURA	NOURA	female	0.98	5601
NOURREDINE	NOURREDINE	male	0.98	291
NOZOMI	NA	NA	NA	NA
NUNO	NA	NA	NA	NA
NURAY	NA	NA	NA	NA
NURIA	NURIA	female	0.99	24847
NURUL	NA	NA	NA	NA
OANA	OANA	female	0.97	10756
OCEANE	NA	NA	NA	NA
OGUZ	NA	NA	NA	NA
OLA	NA	NA	NA	NA
OLATUNDE	OLATUNDE	male	0.96	693
OLEG	OLEG	male	1	14108
OLENA	OLENA	female	0.98	1535
OLGA	OLGA	female	0.98	80307
OLINDA	OLINDA	female	0.98	733
OLIVER	NA	NA	NA	NA
OLIVIA	NA	NA	NA	NA
OLIVIER	NA	NA	NA	NA
OLYMPE	OLYMPE	female	0.85	361
OMAR	OMAR	male	0.98	68333
OPHELIE	OPHELIE	female	0.98	5289
OREGUI	NA	NA	NA	NA
OSAMU	NA	NA	NA	NA
OSCAR	OSCAR	male	0.99	69174
OTMAN	OTMAN	male	0.96	2412
OURIDA	NA	NA	NA	NA
OUTI	NA	NA	NA	NA
OVEIMAR	NA	NA	NA	NA
OVIDIU	OVIDIU	male	1	5011
OXANA	NA	NA	NA	NA
PABLO	NA	NA	NA	NA
PAIVI	NA	NA	NA	NA
PALOMA	NA	NA	NA	NA
PAN	NA	NA	NA	NA
PANAGIOTA	PANAGIOTA	female	0.98	476
PANKAJ	PANKAJ	male	0.99	2920
PANPAN	NA	NA	NA	NA
PAOLA	PAOLA	female	0.99	56601
PAOLO	PAOLO	male	0.99	102713
PARDIS	NA	NA	NA	NA
PARESH	NA	NA	NA	NA
PARFAIT	NA	NA	NA	NA
PASCAL	NA	NA	NA	NA
PASCALE	PASCALE	female	0.97	16746
PASCUAL	PASCUAL	male	0.98	2451
PASI	PASI	male	0.98	1713
PATRICE	PATRICE	male	0.97	24078
PATRICIA	PATRICIA	female	0.98	132232
PATRICIO	NA	NA	NA	NA
PATRICK	PATRICK	male	0.99	153288
PATRIK	NA	NA	NA	NA
PAUL	NA	NA	NA	NA
PAULA	PAULA	female	0.98	74130
PAULINE	NA	NA	NA	NA
PAULO	NA	NA	NA	NA
PAVEL	PAVEL	male	0.98	62180
PAYAL	NA	NA	NA	NA
PEDRO	PEDRO	male	0.99	165413
PEI	PEI	female	0.84	1734
PEIQING	PEIQING	female	0.5	4
PEKKA	NA	NA	NA	NA
PENUMATHSA	NA	NA	NA	NA
PER	PER	male	0.97	8746
PERE	PERE	male	0.97	3882
PERRINE	NA	NA	NA	NA
PERTTI	PERTTI	male	0.99	532
PETER	PETER	male	0.99	165452
PETTER	NA	NA	NA	NA
PHAN	PHAN	male	0.72	695
PHILIP	NA	NA	NA	NA
PHILIPP	PHILIPP	male	1	18479
PHILIPPE	PHILIPPE	male	0.99	82618
PIERANGIOLA	NA	NA	NA	NA
PIERFRANCESCO	NA	NA	NA	NA
PIERLUIGI	PIERLUIGI	male	0.99	4714
PIERRE	PIERRE	male	0.99	91174
PIERRICK	NA	NA	NA	NA
PIETER	NA	NA	NA	NA
PIETRO	PIETRO	male	0.99	31396
PILAR	NA	NA	NA	NA
PIM	NA	NA	NA	NA
PIOTR	NA	NA	NA	NA
POLYKARPOS	NA	NA	NA	NA
POONAM	NA	NA	NA	NA
PRABHAT	PRABHAT	male	0.99	311
PRAKASH	PRAKASH	male	0.99	2377
PRANS	NA	NA	NA	NA
PRASHANT	NA	NA	NA	NA
PREMANKUR	NA	NA	NA	NA
PRICILA	PRICILA	female	0.98	176
PRINCE	PRINCE	male	0.98	30389
PRISCILLA	NA	NA	NA	NA
PROF	NA	NA	NA	NA
PURAN	NA	NA	NA	NA
QASSIM	QASSIM	male	0.97	171
QI	NA	NA	NA	NA
QIAN	NA	NA	NA	NA
QIAOYUN	NA	NA	NA	NA
QIN	NA	NA	NA	NA
QING	NA	NA	NA	NA
QINGHONG	QINGHONG	male	0.77	13
QINGLIN	QINGLIN	male	0.81	21
QINGTAO	NA	NA	NA	NA
QINMIN	NA	NA	NA	NA
QIQI	QIQI	female	0.81	344
QUENTIN	NA	NA	NA	NA
QUIM	QUIM	male	0.98	2031
RA	NA	NA	NA	NA
RACHEDI	RACHEDI	male	0.8	40
RACHEL	NA	NA	NA	NA
RACHELLE	NA	NA	NA	NA
RACHID	RACHID	male	0.97	47645
RACHIDA	NA	NA	NA	NA
RADIA	RADIA	female	0.97	1808
RAFAEL	RAFAEL	male	0.99	45829
RAFAL	NA	NA	NA	NA
RAFFAELE	NA	NA	NA	NA
RAGHUNATH	NA	NA	NA	NA
RAHUL	NA	NA	NA	NA
RAINER	RAINER	male	0.99	7008
RAJA	NA	NA	NA	NA
RAJENDER	RAJENDER	male	1	137
RALUCA	RALUCA	female	0.97	6978
RAMON	RAMON	male	0.98	27550
RAMUNAS	NA	NA	NA	NA
RAPHAEL	RAPHAEL	male	0.99	10284
RAQUEL	NA	NA	NA	NA
REBECA	NA	NA	NA	NA
REBECCA	NA	NA	NA	NA
REDOUANE	REDOUANE	male	0.98	6067
REETTA	NA	NA	NA	NA
REGINA	REGINA	female	0.98	18851
REGIS	REGIS	male	0.98	7159
REKO	NA	NA	NA	NA
REMI	NA	NA	NA	NA
REMY	REMY	male	0.87	3085
RENATA	RENATA	female	0.99	38513
RENATO	RENATO	male	0.99	17487
RENE	RENE	male	0.91	35497
RENEE	RENEE	female	0.89	3998
RESKANDI	NA	NA	NA	NA
REYNALDO	NA	NA	NA	NA
REZZOUG	NA	NA	NA	NA
RHONA	NA	NA	NA	NA
RIBEIRO	NA	NA	NA	NA
RICARDO	NA	NA	NA	NA
RICCARDO	NA	NA	NA	NA
RICHA	NA	NA	NA	NA
RICHARD	RICHARD	male	0.99	101928
RIK	NA	NA	NA	NA
RIM	NA	NA	NA	NA
RINA	NA	NA	NA	NA
RINALDO	NA	NA	NA	NA
RITA	NA	NA	NA	NA
ROB	ROB	male	0.98	32016
ROBERT	ROBERT	male	0.99	177418
ROBERTA	NA	NA	NA	NA
ROBERTO	NA	NA	NA	NA
ROBIN	NA	NA	NA	NA
ROCIO	ROCIO	female	0.99	38361
RODRIGO	NA	NA	NA	NA
ROGER	NA	NA	NA	NA
ROLAND	NA	NA	NA	NA
ROMAIN	NA	NA	NA	NA
ROMAISSA	NA	NA	NA	NA
ROMAN	NA	NA	NA	NA
ROMARIC	ROMARIC	male	0.99	2422
ROMINA	ROMINA	female	0.99	13544
RONALD	NA	NA	NA	NA
RONAN	RONAN	male	0.99	3661
RONNY	RONNY	male	0.98	15356
ROSA	NA	NA	NA	NA
ROSANA	NA	NA	NA	NA
ROSANGELA	ROSANGELA	female	0.99	1572
ROSELLA	NA	NA	NA	NA
ROSSELLA	NA	NA	NA	NA
ROULA	ROULA	female	0.98	1633
ROUSSELOT	NA	NA	NA	NA
ROXAN	ROXAN	female	0.9	327
RUDY	NA	NA	NA	NA
RUEY	NA	NA	NA	NA
RUI	NA	NA	NA	NA
RUTH	NA	NA	NA	NA
RUTURAJSINH	RUTURAJSINH	male	1	1
RYO	NA	NA	NA	NA
RYOHEI	NA	NA	NA	NA
RYSZARD	NA	NA	NA	NA
SABINA	NA	NA	NA	NA
SABINE	NA	NA	NA	NA
SAIDIA	NA	NA	NA	NA
SAIKAT	NA	NA	NA	NA
SALIHA	NA	NA	NA	NA
SALIM	NA	NA	NA	NA
SALIMA	SALIMA	female	0.98	5858
SALMI	SALMI	male	0.68	382
SALVADOR	SALVADOR	male	0.98	10346
SALVADORA	NA	NA	NA	NA
SALVATORE	NA	NA	NA	NA
SAM	NA	NA	NA	NA
SAMANTHA	SAMANTHA	female	0.98	31152
SAMI	SAMI	male	0.95	55834
SAMIR	NA	NA	NA	NA
SAMIRA	SAMIRA	female	0.98	22495
SAMUEL	NA	NA	NA	NA
SAMY	NA	NA	NA	NA
SANA	NA	NA	NA	NA
SANDER	SANDER	male	0.98	6683
SANDIPAM	SANDIPAM	unknown	0	0
SANDRA	SANDRA	female	0.98	266121
SANDRINE	NA	NA	NA	NA
SANDRO	NA	NA	NA	NA
SANG	SANG	male	0.88	4007
SANGHOON	SANGHOON	male	1	244
SANGHYO	NA	NA	NA	NA
SANJAY	NA	NA	NA	NA
SANTIAGO	NA	NA	NA	NA
SANTOSH	SANTOSH	male	0.98	2429
SAOWANEE	NA	NA	NA	NA
SARA	SARA	female	0.98	244324
SARAH	NA	NA	NA	NA
SARAVANAMURUGAN	SARAVANAMURUGAN	unknown	0	0
SARI	SARI	female	0.79	6188
SARINA	NA	NA	NA	NA
SARMAD	SARMAD	male	0.97	495
SARRA	SARRA	female	0.97	3691
SASCHA	NA	NA	NA	NA
SATOKI	NA	NA	NA	NA
SATOSHI	NA	NA	NA	NA
SATYA	NA	NA	NA	NA
SAULI	NA	NA	NA	NA
SAVITA	NA	NA	NA	NA
SAYANI	NA	NA	NA	NA
SCHNEIDER	NA	NA	NA	NA
SCOTT	SCOTT	male	0.99	31815
SEASON	NA	NA	NA	NA
SEBASTIAN	NA	NA	NA	NA
SEBASTIEN	SEBASTIEN	male	0.99	56953
SECIL	NA	NA	NA	NA
SEGOLENE	SEGOLENE	female	0.96	340
SEISHI	SEISHI	male	0.79	19
SELAIMIA	NA	NA	NA	NA
SELENE	NA	NA	NA	NA
SELESA	SELESA	female	1	1
SELIM	SELIM	male	0.97	22868
SELIN	NA	NA	NA	NA
SELS	NA	NA	NA	NA
SEMA	NA	NA	NA	NA
SEOHYUN	NA	NA	NA	NA
SEOKHWAN	NA	NA	NA	NA
SEONG	NA	NA	NA	NA
SERENA	NA	NA	NA	NA
SERGE	NA	NA	NA	NA
SERGEY	NA	NA	NA	NA
SERGIO	NA	NA	NA	NA
SEUANES	NA	NA	NA	NA
SEUNG	NA	NA	NA	NA
SEVERIN	SEVERIN	male	0.95	1655
SEVERINE	NA	NA	NA	NA
SHAHLA	NA	NA	NA	NA
SHANG	NA	NA	NA	NA
SHANSHAN	SHANSHAN	female	0.95	229
SHAOAN	NA	NA	NA	NA
SHAOCHEN	NA	NA	NA	NA
SHAOJUAN	NA	NA	NA	NA
SHARDA	SHARDA	female	0.95	113
SHEKHAR	NA	NA	NA	NA
SHENGDONG	SHENGDONG	male	1	7
SHI	SHI	female	0.53	1339
SHIBIAO	NA	NA	NA	NA
SHILIN	NA	NA	NA	NA
SHIN	SHIN	male	0.75	2771
SHINGO	SHINGO	male	1	737
SHINJI	NA	NA	NA	NA
SHINOBU	SHINOBU	female	0.52	270
SHIORI	NA	NA	NA	NA
SHU	SHU	female	0.57	1826
SHUICHI	NA	NA	NA	NA
SHUNJI	NA	NA	NA	NA
SHUNMUGAVEL	SHUNMUGAVEL	male	1	2
SHUYANA	SHUYANA	female	1	2
SIBAO	SIBAO	female	0.5	2
SID	SID	male	0.93	5741
SIDALI	NA	NA	NA	NA
SIGLINDA	NA	NA	NA	NA
SIHAM	NA	NA	NA	NA
SIHEM	SIHEM	female	0.98	2915
SILLANPAA	SILLANPAA	unknown	0	0
SILVANA	NA	NA	NA	NA
SILVIA	NA	NA	NA	NA
SIMAO	SIMAO	male	0.97	1713
SIMENG	NA	NA	NA	NA
SIMO	SIMO	male	0.89	44053
SIMON	SIMON	male	0.98	71276
SIMONA	SIMONA	female	0.99	62821
SINA	NA	NA	NA	NA
SINISA	NA	NA	NA	NA
SITI	NA	NA	NA	NA
SMAIN	SMAIN	male	0.97	833
SO	NA	NA	NA	NA
SOFIA	NA	NA	NA	NA
SOIZIC	NA	NA	NA	NA
SOLEDAD	SOLEDAD	female	0.98	5470
SOLEN	NA	NA	NA	NA
SONA	NA	NA	NA	NA
SONAL	NA	NA	NA	NA
SONG	SONG	male	0.69	2068
SONIA	SONIA	female	0.98	114177
SOPHIE	NA	NA	NA	NA
SORAYA	SORAYA	female	0.98	15050
SOREN	NA	NA	NA	NA
SOUAD	SOUAD	female	0.98	6779
SOUHILA	NA	NA	NA	NA
SOULEYMANE	NA	NA	NA	NA
SOURABH	NA	NA	NA	NA
SPAS	NA	NA	NA	NA
SREEDEVI	NA	NA	NA	NA
SREEDHAR	SREEDHAR	male	0.99	97
SRI	SRI	female	0.71	3427
STAMATIA	NA	NA	NA	NA
STANISLAS	STANISLAS	male	0.98	1849
STAVROS	NA	NA	NA	NA
STEFAN	NA	NA	NA	NA
STEFANIA	STEFANIA	female	0.99	39842
STEFANO	STEFANO	male	0.99	95107
STEFF	STEFF	male	0.64	2569
STEFFEN	NA	NA	NA	NA
STELLA	NA	NA	NA	NA
STEPHAN	STEPHAN	male	0.99	21077
STEPHANE	STEPHANE	male	0.99	59726
STEPHANIE	NA	NA	NA	NA
STEPHEN	NA	NA	NA	NA
STEVE	NA	NA	NA	NA
STEVEN	STEVEN	male	0.99	61542
STIJN	NA	NA	NA	NA
STUART	NA	NA	NA	NA
SUDIPTA	SUDIPTA	male	0.82	113
SUELY	SUELY	female	0.98	457
SUJIT	SUJIT	male	0.98	381
SUMAN	NA	NA	NA	NA
SUMIN	NA	NA	NA	NA
SUN	NA	NA	NA	NA
SUNG	SUNG	male	0.86	3580
SURESH	NA	NA	NA	NA
SUSANA	SUSANA	female	0.98	46978
SUSANNA	NA	NA	NA	NA
SUSANNE	NA	NA	NA	NA
SUVI	SUVI	female	0.9	1070
SUZANA	NA	NA	NA	NA
SVEN	SVEN	male	0.99	35251
SVETLANA	SVETLANA	female	0.98	24292
SVITLANA	SVITLANA	female	0.98	1049
SYED	SYED	male	0.98	8166
SYLVAIN	NA	NA	NA	NA
SYLVANIA	NA	NA	NA	NA
SYLVETTE	SYLVETTE	female	0.98	814
SYLVIA	NA	NA	NA	NA
SYLVIE	NA	NA	NA	NA
SYLWIA	SYLWIA	female	0.98	44789
TAE	NA	NA	NA	NA
TAKAAKI	TAKAAKI	male	1	394
TAKASHI	NA	NA	NA	NA
TAKAYUKI	NA	NA	NA	NA
TAKUMI	NA	NA	NA	NA
TALENA	TALENA	female	0.93	42
TALITA	NA	NA	NA	NA
TAMARA	NA	NA	NA	NA
TAMAS	TAMAS	male	0.93	2687
TANA	TANA	female	0.71	2068
TANIA	TANIA	female	0.98	42656
TANJA	NA	NA	NA	NA
TAO	NA	NA	NA	NA
TAPIO	TAPIO	male	1	624
TAREK	NA	NA	NA	NA
TARJA	TARJA	female	0.94	1709
TARO	NA	NA	NA	NA
TASSADIT	NA	NA	NA	NA
TATEVIK	TATEVIK	female	0.98	278
TATIANA	TATIANA	female	0.98	38772
TATJANA	NA	NA	NA	NA
TAWFIQ	NA	NA	NA	NA
TEDDY	TEDDY	male	0.94	13283
TEKO	TEKO	male	0.78	317
TELMA	TELMA	female	0.98	3225
TEODORA	NA	NA	NA	NA
TEPPEI	TEPPEI	male	1	203
TERESA	TERESA	female	0.98	51700
TERRENCE	TERRENCE	male	0.99	1138
TETIANA	NA	NA	NA	NA
THAINA	NA	NA	NA	NA
THAISA	NA	NA	NA	NA
THANGAVELU	THANGAVELU	male	0.88	8
THANH	THANH	male	0.7	2100
THEO	THEO	male	0.97	12986
THEODORE	NA	NA	NA	NA
THEOPHILE	THEOPHILE	male	0.98	698
THERESA	NA	NA	NA	NA
THIBAULT	THIBAULT	male	0.99	8562
THIEMO	THIEMO	male	0.99	193
THIERRY	NA	NA	NA	NA
THIJS	THIJS	male	0.99	2051
THOMAS	NA	NA	NA	NA
THORSTEN	NA	NA	NA	NA
THUPTEN	NA	NA	NA	NA
TIAN	TIAN	male	0.71	1095
TIANBO	TIANBO	male	1	4
TIINA	TIINA	female	0.93	2961
TILL	TILL	male	0.98	1430
TIM	NA	NA	NA	NA
TIMM	TIMM	male	0.99	947
TIMO	NA	NA	NA	NA
TIMOTHEE	TIMOTHEE	male	0.97	436
TIMUR	NA	NA	NA	NA
TINA	NA	NA	NA	NA
TIPHAINE	NA	NA	NA	NA
TOBIAS	TOBIAS	male	1	31474
TOM	NA	NA	NA	NA
TOMAS	NA	NA	NA	NA
TOMMASO	TOMMASO	male	0.99	11582
TOMOKO	TOMOKO	female	0.97	1318
TONY	NA	NA	NA	NA
TOSHIYUKI	TOSHIYUKI	male	1	563
TREES	TREES	female	0.94	308
TRUNG	TRUNG	male	0.98	662
TSZ	TSZ	male	0.75	151
TZONKA	TZONKA	female	1	3
ULF	NA	NA	NA	NA
ULIANA	ULIANA	female	0.99	1139
ULLA	ULLA	female	0.96	3179
ULRICH	ULRICH	male	0.98	5397
UMA	UMA	female	0.76	998
UMBERTO	NA	NA	NA	NA
URSKA	NA	NA	NA	NA
URSULA	NA	NA	NA	NA
URSZULA	URSZULA	female	0.98	8001
UT	NA	NA	NA	NA
UTE	NA	NA	NA	NA
UWE	NA	NA	NA	NA
VADIM	NA	NA	NA	NA
VAHE	VAHE	male	0.97	537
VALDEMAR	NA	NA	NA	NA
VALENTIN	NA	NA	NA	NA
VALENTINA	VALENTINA	female	0.99	75303
VALENTYNA	VALENTYNA	female	0.98	479
VALERIA	NA	NA	NA	NA
VALERIE	VALERIE	female	0.98	38121
VALERIIA	NA	NA	NA	NA
VALERIO	VALERIO	male	0.99	19466
VALERYIA	VALERYIA	female	0.96	23
VANESSA	VANESSA	female	0.98	123396
VANIA	NA	NA	NA	NA
VARUN	NA	NA	NA	NA
VASIL	VASIL	male	0.98	1099
VASILE	VASILE	male	0.93	6104
VASILEIA	VASILEIA	female	0.98	55
VASILIKI	VASILIKI	female	0.97	962
VENTURA	VENTURA	male	0.87	781
VERA	VERA	female	0.98	34036
VERIDIANA	NA	NA	NA	NA
VERONICA	VERONICA	female	0.99	69016
VERONIKA	VERONIKA	female	0.99	47316
VERONIQUE	NA	NA	NA	NA
VESSELA	NA	NA	NA	NA
VICENTE	NA	NA	NA	NA
VICTOR	NA	NA	NA	NA
VICTORIA	VICTORIA	female	0.98	35658
VICTORIEN	VICTORIEN	male	0.99	907
VIDAR	NA	NA	NA	NA
VIJAY	NA	NA	NA	NA
VIJETHA	NA	NA	NA	NA
VIKTORIA	VIKTORIA	female	0.98	9979
VILLE	NA	NA	NA	NA
VINCENT	NA	NA	NA	NA
VINCENZO	VINCENZO	male	0.99	61364
VINICIUS	VINICIUS	male	1	1157
VIOLAINE	VIOLAINE	female	0.98	1485
VIOLETTA	VIOLETTA	female	0.98	4379
VIRGIL	NA	NA	NA	NA
VIRGINIA	NA	NA	NA	NA
VIRGINIE	NA	NA	NA	NA
VISHWESH	NA	NA	NA	NA
VITALIY	VITALIY	male	1	2708
VITALY	VITALY	male	0.99	1866
VIVEK	NA	NA	NA	NA
VIVIAN	VIVIAN	female	0.92	11853
VIVIANE	NA	NA	NA	NA
VIVIEN	NA	NA	NA	NA
VLADIMIR	VLADIMIR	male	0.99	24429
VOAHANGY	NA	NA	NA	NA
WAHIBA	WAHIBA	female	0.97	989
WALID	NA	NA	NA	NA
WALTER	WALTER	male	0.99	30023
WAN	WAN	male	0.51	5604
WANG	WANG	male	0.64	3532
WANNA	NA	NA	NA	NA
WASSILA	WASSILA	female	0.98	1238
WEI	NA	NA	NA	NA
WEIGANG	WEIGANG	male	1	16
WEIJIE	NA	NA	NA	NA
WEIPING	NA	NA	NA	NA
WEIYI	NA	NA	NA	NA
WEN	WEN	female	0.54	2776
WENBO	NA	NA	NA	NA
WENHAO	NA	NA	NA	NA
WENJIE	WENJIE	male	0.73	110
WENJUAN	NA	NA	NA	NA
WENQI	NA	NA	NA	NA
WERNER	NA	NA	NA	NA
WILFRID	NA	NA	NA	NA
WILLIAM	NA	NA	NA	NA
WIM	NA	NA	NA	NA
WISSAM	NA	NA	NA	NA
WITOLD	NA	NA	NA	NA
WOLF	NA	NA	NA	NA
WOLFGANG	WOLFGANG	male	0.99	12915
WON	WON	male	0.85	1347
WOOJIN	WOOJIN	male	0.94	221
WOONG	NA	NA	NA	NA
WOUT	WOUT	male	0.99	685
WOUTER	NA	NA	NA	NA
WU	NA	NA	NA	NA
WUN	WUN	male	0.52	66
XABIER	NA	NA	NA	NA
XAVIER	XAVIER	male	0.99	36056
XIA	NA	NA	NA	NA
XIAN	XIAN	male	0.67	507
XIANGPING	NA	NA	NA	NA
XIAOFENG	XIAOFENG	male	0.79	151
XIAOHAN	NA	NA	NA	NA
XIE	XIE	male	0.58	331
XIN	XIN	female	0.52	1592
XING	XING	male	0.65	550
XINZHEN	NA	NA	NA	NA
XIURU	NA	NA	NA	NA
XIXIONG	NA	NA	NA	NA
XU	NA	NA	NA	NA
XUEJIAO	XUEJIAO	female	1	16
XUEMING	XUEMING	male	1	10
XUERU	XUERU	female	0.75	4
YAMINA	NA	NA	NA	NA
YAN	YAN	male	0.75	10113
YANFEI	YANFEI	male	0.63	32
YANHUA	NA	NA	NA	NA
YANHUI	YANHUI	male	0.59	37
YANLONG	YANLONG	male	1	8
YANN	YANN	male	0.98	28202
YANNICK	NA	NA	NA	NA
YANNIK	YANNIK	male	0.99	1483
YANQIN	NA	NA	NA	NA
YANTAO	YANTAO	male	0.67	12
YANUSZ	NA	NA	NA	NA
YAO	NA	NA	NA	NA
YAOCIHUATL	YAOCIHUATL	unknown	0	0
YAQING	NA	NA	NA	NA
YASMIN	YASMIN	female	0.97	10244
YASMINA	NA	NA	NA	NA
YASSER	NA	NA	NA	NA
YASUSHI	NA	NA	NA	NA
YE	YE	male	0.54	1419
YEDIR	YEDIR	male	1	18
YEHAN	NA	NA	NA	NA
YESID	NA	NA	NA	NA
YI	YI	female	0.5	2044
YIH	NA	NA	NA	NA
YIN	NA	NA	NA	NA
YING	YING	female	0.86	3620
YINGJUAN	YINGJUAN	female	1	3
YINGQI	YINGQI	female	0.6	10
YINGWEI	YINGWEI	male	0.57	7
YIPING	NA	NA	NA	NA
YIXIAN	NA	NA	NA	NA
YO	YO	male	0.67	16752
YODI	NA	NA	NA	NA
YOHAN	NA	NA	NA	NA
YOLANDA	YOLANDA	female	0.99	26005
YOLANDE	YOLANDE	female	0.98	4948
YONG	NA	NA	NA	NA
YONGCHAO	YONGCHAO	male	0.85	13
YONGHUA	YONGHUA	male	0.83	18
YONGTAEK	NA	NA	NA	NA
YORDANKA	NA	NA	NA	NA
YOSHIHIRO	NA	NA	NA	NA
YOSHIKI	YOSHIKI	male	0.98	360
YOSHINAO	YOSHINAO	male	0.96	27
YOSHIO	YOSHIO	male	1	371
YOSRA	NA	NA	NA	NA
YOUNES	NA	NA	NA	NA
YOUNG	YOUNG	male	0.83	8562
YOUSSEF	NA	NA	NA	NA
YU	NA	NA	NA	NA
YUEMING	YUEMING	male	0.67	18
YUEYUAN	NA	NA	NA	NA
YUGEN	YUGEN	male	0.95	21
YUHE	YUHE	male	0.64	14
YUHSUAN	NA	NA	NA	NA
YUICHI	NA	NA	NA	NA
YUICHIRO	YUICHIRO	male	1	363
YUKI	YUKI	female	0.6	5195
YULIA	NA	NA	NA	NA
YULIYA	YULIYA	female	0.98	3901
YUN	YUN	female	0.52	2421
YUNFENG	NA	NA	NA	NA
YUSHENG	NA	NA	NA	NA
YUTA	YUTA	male	0.98	1200
YUUKI	YUUKI	male	0.76	896
YVAN	YVAN	male	0.99	6732
YVES	NA	NA	NA	NA
ZACHARIAS	NA	NA	NA	NA
ZAHER	NA	NA	NA	NA
ZAKARIA	NA	NA	NA	NA
ZAKI	ZAKI	male	0.96	8524
ZDENEK	NA	NA	NA	NA
ZEID	ZEID	male	0.96	241
ZEINEDDINE	NA	NA	NA	NA
ZELIA	NA	NA	NA	NA
ZEPHIRIN	ZEPHIRIN	male	0.97	100
ZEPING	ZEPING	male	0.6	5
ZHANG	ZHANG	male	0.6	2336
ZHANRONG	ZHANRONG	unknown	0	0
ZHAO	NA	NA	NA	NA
ZHAOJIANG	NA	NA	NA	NA
ZHE	NA	NA	NA	NA
ZHENCHEN	ZHENCHEN	unknown	0	0
ZHENG	ZHENG	male	0.75	828
ZHI	ZHI	male	0.75	825
ZHICHENG	ZHICHENG	male	1	35
ZHIFANG	NA	NA	NA	NA
ZHIHAO	ZHIHAO	male	0.98	54
ZHIHONG	NA	NA	NA	NA
ZHUANZHUAN	ZHUANZHUAN	unknown	0	0
ZILIN	NA	NA	NA	NA
ZOE	ZOE	female	0.95	8926
ZOHEIR	ZOHEIR	male	0.98	824
ZOULIKHA	NA	NA	NA	NA
ZUOWAN	NA	NA	NA	NA
